-- phpMyAdmin SQL Dump
-- version 5.2.1
-- https://www.phpmyadmin.net/
--
-- Host: 172.17.0.11
-- Generation Time: Jan 18, 2025 at 02:31 AM
-- Server version: 11.6.2-MariaDB-ubu2404
-- PHP Version: 8.2.27

SET SQL_MODE = "NO_AUTO_VALUE_ON_ZERO";
START TRANSACTION;
SET time_zone = "+00:00";


/*!40101 SET @OLD_CHARACTER_SET_CLIENT=@@CHARACTER_SET_CLIENT */;
/*!40101 SET @OLD_CHARACTER_SET_RESULTS=@@CHARACTER_SET_RESULTS */;
/*!40101 SET @OLD_COLLATION_CONNECTION=@@COLLATION_CONNECTION */;
/*!40101 SET NAMES utf8mb4 */;

--
-- Database: `dashboard`
--

-- --------------------------------------------------------

--
-- Table structure for table `competitions`
--

CREATE TABLE `competitions` (
  `id` int(11) NOT NULL,
  `name` varchar(100) NOT NULL,
  `start_date` date DEFAULT NULL,
  `end_date` date DEFAULT NULL,
  `created_at` timestamp NULL DEFAULT current_timestamp()
) ENGINE=InnoDB DEFAULT CHARSET=utf8mb4 COLLATE=utf8mb4_unicode_ci;

--
-- Dumping data for table `competitions`
--

INSERT INTO `competitions` (`id`, `name`, `start_date`, `end_date`, `created_at`) VALUES
(5, 'New Year, New Me!', '2025-01-02', '2025-01-08', '2025-01-03 12:09:21'),
(6, 'Winter Warmers', '2024-12-26', '2025-01-01', '2025-01-03 17:04:07'),
(7, 'Names', '2025-01-09', '2025-01-15', '2025-01-09 08:44:09'),
(8, 'Cult Classics', '2025-01-16', '2025-01-22', '2025-01-16 08:43:59');

-- --------------------------------------------------------

--
-- Table structure for table `competition_rules`
--

CREATE TABLE `competition_rules` (
  `id` int(11) NOT NULL,
  `competition_id` int(11) DEFAULT NULL,
  `name` varchar(100) NOT NULL,
  `description` varchar(255) DEFAULT NULL,
  `points` int(11) NOT NULL,
  `created_at` timestamp NULL DEFAULT current_timestamp(),
  `emoji` varchar(255) DEFAULT ''
) ENGINE=InnoDB DEFAULT CHARSET=utf8mb4 COLLATE=utf8mb4_unicode_ci;

--
-- Dumping data for table `competition_rules`
--

INSERT INTO `competition_rules` (`id`, `competition_id`, `name`, `description`, `points`, `created_at`, `emoji`) VALUES
(46, 5, 'Smart', NULL, 5, '2025-01-03 12:09:37', '💲'),
(47, 5, 'ES', NULL, 5, '2025-01-03 12:09:51', '🔥'),
(48, 5, 'Hot Key', NULL, 5, '2025-01-03 12:10:20', '💡'),
(49, 5, 'RATOC', NULL, 1, '2025-01-03 12:10:31', '😀'),
(50, 5, 'Phone', NULL, 2, '2025-01-03 12:10:42', '📞'),
(51, 5, 'Email', NULL, 2, '2025-01-03 12:10:51', '📧'),
(52, 5, 'Bonus', NULL, 1, '2025-01-03 12:11:00', '1️⃣'),
(53, 8, 'Smart', NULL, 5, '2025-01-16 08:55:11', '💲'),
(54, 8, 'ES', NULL, 5, '2025-01-16 08:55:23', '🔥'),
(55, 8, 'Hot Key', NULL, 5, '2025-01-16 08:55:31', '💡'),
(56, 8, 'RATOC', NULL, 1, '2025-01-16 08:55:40', '😀'),
(57, 8, 'Phone', NULL, 2, '2025-01-16 08:55:48', '📞'),
(58, 8, 'Email', NULL, 2, '2025-01-16 08:55:57', '📧'),
(59, 8, 'Bonus', NULL, 1, '2025-01-16 08:56:06', '1️⃣');

-- --------------------------------------------------------

--
-- Table structure for table `daily_scores`
--

CREATE TABLE `daily_scores` (
  `id` int(11) NOT NULL,
  `user_id` int(11) NOT NULL,
  `rule_id` int(11) NOT NULL,
  `score` int(11) NOT NULL,
  `date` date NOT NULL,
  `pod_id` int(11) NOT NULL,
  `competition_id` int(11) NOT NULL,
  `created_at` timestamp NULL DEFAULT current_timestamp()
) ENGINE=InnoDB DEFAULT CHARSET=utf8mb4 COLLATE=utf8mb4_unicode_ci;

--
-- Dumping data for table `daily_scores`
--

INSERT INTO `daily_scores` (`id`, `user_id`, `rule_id`, `score`, `date`, `pod_id`, `competition_id`, `created_at`) VALUES
(4576, 18, 47, 2, '2025-01-02', 2, 5, '2025-01-03 12:50:23'),
(4578, 18, 46, 1, '2025-01-02', 2, 5, '2025-01-03 12:50:27'),
(4579, 18, 49, 1, '2025-01-02', 2, 5, '2025-01-03 12:50:31'),
(4580, 18, 51, 1, '2025-01-02', 2, 5, '2025-01-03 12:50:34'),
(4581, 20, 49, 1, '2025-01-02', 2, 5, '2025-01-03 12:50:40'),
(4582, 21, 50, 1, '2025-01-02', 2, 5, '2025-01-03 12:50:47'),
(4583, 24, 46, 1, '2025-01-02', 2, 5, '2025-01-03 12:51:00'),
(4584, 24, 50, 1, '2025-01-02', 2, 5, '2025-01-03 12:51:06'),
(4585, 27, 48, 2, '2025-01-02', 2, 5, '2025-01-03 12:51:12'),
(4587, 27, 47, 1, '2025-01-02', 2, 5, '2025-01-03 12:51:15'),
(4588, 28, 47, 1, '2025-01-02', 2, 5, '2025-01-03 12:51:24'),
(4589, 28, 51, 1, '2025-01-02', 2, 5, '2025-01-03 12:51:26'),
(4590, 30, 49, 2, '2025-01-02', 2, 5, '2025-01-03 12:51:34'),
(4592, 30, 46, 1, '2025-01-02', 2, 5, '2025-01-03 12:51:37'),
(4593, 30, 50, 1, '2025-01-02', 2, 5, '2025-01-03 12:51:41'),
(4594, 30, 51, 1, '2025-01-02', 2, 5, '2025-01-03 12:51:42'),
(4595, 31, 51, 1, '2025-01-02', 2, 5, '2025-01-03 12:51:52'),
(4596, 32, 49, 4, '2025-01-02', 2, 5, '2025-01-03 12:51:57'),
(4600, 18, 46, 2, '2024-12-31', 2, 5, '2025-01-03 13:54:49'),
(4602, 18, 50, 1, '2024-12-31', 2, 5, '2025-01-03 13:54:52'),
(4603, 19, 47, 1, '2024-12-31', 2, 5, '2025-01-03 13:54:57'),
(4604, 19, 48, 1, '2024-12-31', 2, 5, '2025-01-03 13:55:00'),
(4605, 19, 50, 1, '2024-12-31', 2, 5, '2025-01-03 13:55:03'),
(4606, 19, 51, 1, '2024-12-31', 2, 5, '2025-01-03 13:55:03'),
(4607, 20, 49, 1, '2024-12-31', 2, 5, '2025-01-03 13:55:06'),
(4608, 21, 49, 1, '2024-12-31', 2, 5, '2025-01-03 13:55:10'),
(4609, 21, 50, 1, '2024-12-31', 2, 5, '2025-01-03 13:55:10'),
(4610, 21, 51, 1, '2024-12-31', 2, 5, '2025-01-03 13:55:11'),
(4611, 22, 46, 2, '2024-12-31', 2, 5, '2025-01-03 13:55:14'),
(4613, 23, 49, 2, '2024-12-31', 2, 5, '2025-01-03 13:55:20'),
(4615, 23, 50, 2, '2024-12-31', 2, 5, '2025-01-03 13:55:20'),
(4617, 26, 46, 1, '2024-12-31', 2, 5, '2025-01-03 13:55:28'),
(4618, 26, 49, 1, '2024-12-31', 2, 5, '2025-01-03 13:55:29'),
(4619, 27, 46, 3, '2024-12-31', 2, 5, '2025-01-03 13:55:34'),
(4622, 27, 47, 1, '2024-12-31', 2, 5, '2025-01-03 13:55:36'),
(4623, 28, 50, 1, '2024-12-31', 2, 5, '2025-01-03 13:55:40'),
(4624, 30, 46, 2, '2024-12-31', 2, 5, '2025-01-03 13:55:47'),
(4626, 30, 47, 1, '2024-12-31', 2, 5, '2025-01-03 13:55:48'),
(4627, 30, 49, 1, '2024-12-31', 2, 5, '2025-01-03 13:55:53'),
(4628, 30, 50, 1, '2024-12-31', 2, 5, '2025-01-03 13:55:53'),
(4629, 31, 46, 1, '2024-12-31', 2, 5, '2025-01-03 13:55:56'),
(4630, 31, 50, 2, '2024-12-31', 2, 5, '2025-01-03 13:56:00'),
(4632, 31, 51, 1, '2024-12-31', 2, 5, '2025-01-03 13:56:01'),
(4633, 32, 49, 1, '2024-12-31', 2, 5, '2025-01-03 13:56:06'),
(4634, 32, 51, 1, '2024-12-31', 2, 5, '2025-01-03 13:56:06'),
(4635, 18, 46, 3, '2024-12-30', 2, 5, '2025-01-03 13:56:28'),
(4636, 18, 47, 1, '2024-12-30', 2, 5, '2025-01-03 13:56:29'),
(4637, 18, 49, 1, '2024-12-30', 2, 5, '2025-01-03 13:56:32'),
(4638, 18, 50, 1, '2024-12-30', 2, 5, '2025-01-03 13:56:32'),
(4639, 18, 51, 1, '2024-12-30', 2, 5, '2025-01-03 13:56:32'),
(4640, 19, 47, 1, '2024-12-30', 2, 5, '2025-01-03 13:56:36'),
(4641, 19, 49, 1, '2024-12-30', 2, 5, '2025-01-03 13:56:38'),
(4642, 19, 50, 1, '2024-12-30', 2, 5, '2025-01-03 13:56:39'),
(4643, 19, 51, 3, '2024-12-30', 2, 5, '2025-01-03 13:56:40'),
(4644, 21, 46, 1, '2024-12-30', 2, 5, '2025-01-03 13:56:44'),
(4645, 23, 46, 1, '2024-12-30', 2, 5, '2025-01-03 13:56:53'),
(4646, 23, 47, 1, '2024-12-30', 2, 5, '2025-01-03 13:56:53'),
(4647, 23, 50, 2, '2024-12-30', 2, 5, '2025-01-03 13:57:02'),
(4648, 23, 51, 1, '2024-12-30', 2, 5, '2025-01-03 13:57:02'),
(4649, 27, 46, 1, '2024-12-30', 2, 5, '2025-01-03 13:57:09'),
(4650, 27, 50, 2, '2024-12-30', 2, 5, '2025-01-03 13:57:10'),
(4651, 27, 51, 2, '2024-12-30', 2, 5, '2025-01-03 13:57:11'),
(4652, 28, 49, 1, '2024-12-30', 2, 5, '2025-01-03 13:57:15'),
(4653, 28, 51, 1, '2024-12-30', 2, 5, '2025-01-03 13:57:15'),
(4654, 30, 49, 3, '2024-12-30', 2, 5, '2025-01-03 13:57:22'),
(4655, 30, 50, 3, '2024-12-30', 2, 5, '2025-01-03 13:57:25'),
(4656, 32, 49, 1, '2024-12-30', 2, 5, '2025-01-03 13:57:26'),
(4657, 32, 51, 1, '2024-12-30', 2, 5, '2025-01-03 13:57:28'),
(4658, 18, 51, 1, '2024-12-27', 2, 5, '2025-01-03 13:58:08'),
(4659, 19, 46, 1, '2024-12-27', 2, 5, '2025-01-03 13:58:08'),
(4660, 19, 49, 1, '2024-12-27', 2, 5, '2025-01-03 13:58:10'),
(4661, 19, 51, 2, '2024-12-27', 2, 5, '2025-01-03 13:58:11'),
(4663, 25, 49, 1, '2024-12-27', 2, 5, '2025-01-03 13:58:15'),
(4664, 26, 46, 1, '2024-12-27', 2, 5, '2025-01-03 13:58:17'),
(4665, 26, 49, 1, '2024-12-27', 2, 5, '2025-01-03 13:58:18'),
(4666, 27, 47, 1, '2024-12-27', 2, 5, '2025-01-03 13:58:20'),
(4667, 28, 46, 1, '2024-12-27', 2, 5, '2025-01-03 13:58:23'),
(4668, 28, 49, 1, '2024-12-27', 2, 5, '2025-01-03 13:58:24'),
(4669, 30, 49, 2, '2024-12-27', 2, 5, '2025-01-03 13:58:27'),
(4671, 18, 50, 1, '2024-12-24', 2, 5, '2025-01-03 13:59:18'),
(4672, 18, 47, 1, '2024-12-24', 2, 5, '2025-01-03 13:59:24'),
(4673, 19, 46, 2, '2024-12-24', 2, 5, '2025-01-03 13:59:27'),
(4675, 21, 49, 1, '2024-12-24', 2, 5, '2025-01-03 13:59:31'),
(4676, 23, 49, 1, '2024-12-24', 2, 5, '2025-01-03 13:59:36'),
(4677, 23, 50, 2, '2024-12-24', 2, 5, '2025-01-03 13:59:37'),
(4679, 23, 51, 1, '2024-12-24', 2, 5, '2025-01-03 13:59:38'),
(4680, 26, 51, 1, '2024-12-24', 2, 5, '2025-01-03 13:59:42'),
(4681, 28, 49, 2, '2024-12-24', 2, 5, '2025-01-03 13:59:46'),
(4683, 30, 49, 2, '2024-12-24', 2, 5, '2025-01-03 13:59:49'),
(4685, 30, 51, 1, '2024-12-24', 2, 5, '2025-01-03 13:59:51'),
(4686, 18, 46, 2, '2024-12-23', 2, 5, '2025-01-03 14:00:13'),
(4688, 18, 47, 1, '2024-12-23', 2, 5, '2025-01-03 14:00:23'),
(4689, 19, 47, 1, '2024-12-23', 2, 5, '2025-01-03 14:00:26'),
(4690, 19, 46, 2, '2024-12-23', 2, 5, '2025-01-03 14:00:27'),
(4692, 19, 49, 1, '2024-12-23', 2, 5, '2025-01-03 14:00:31'),
(4693, 19, 50, 1, '2024-12-23', 2, 5, '2025-01-03 14:00:32'),
(4694, 20, 49, 1, '2024-12-23', 2, 5, '2025-01-03 14:00:37'),
(4695, 20, 51, 1, '2024-12-23', 2, 5, '2025-01-03 14:00:37'),
(4696, 23, 49, 1, '2024-12-23', 2, 5, '2025-01-03 14:00:43'),
(4697, 23, 50, 3, '2024-12-23', 2, 5, '2025-01-03 14:00:43'),
(4702, 25, 49, 1, '2024-12-23', 2, 5, '2025-01-03 14:00:49'),
(4703, 27, 48, 2, '2024-12-23', 2, 5, '2025-01-03 14:00:51'),
(4705, 28, 51, 1, '2024-12-23', 2, 5, '2025-01-03 14:00:55'),
(4706, 30, 46, 1, '2024-12-23', 2, 5, '2025-01-03 14:00:59'),
(4707, 30, 47, 1, '2024-12-23', 2, 5, '2025-01-03 14:01:00'),
(4708, 30, 48, 1, '2024-12-23', 2, 5, '2025-01-03 14:01:01'),
(4709, 30, 49, 2, '2024-12-23', 2, 5, '2025-01-03 14:01:03'),
(4711, 19, 49, 1, '2024-12-20', 2, 5, '2025-01-03 14:01:38'),
(4712, 19, 51, 1, '2024-12-20', 2, 5, '2025-01-03 14:01:39'),
(4713, 20, 49, 1, '2024-12-20', 2, 5, '2025-01-03 14:01:43'),
(4714, 20, 50, 1, '2024-12-20', 2, 5, '2025-01-03 14:01:44'),
(4715, 21, 46, 1, '2024-12-20', 2, 5, '2025-01-03 14:01:48'),
(4716, 21, 49, 1, '2024-12-20', 2, 5, '2025-01-03 14:01:50'),
(4717, 21, 50, 1, '2024-12-20', 2, 5, '2025-01-03 14:01:51'),
(4718, 22, 46, 1, '2024-12-20', 2, 5, '2025-01-03 14:01:53'),
(4719, 23, 46, 1, '2024-12-20', 2, 5, '2025-01-03 14:01:55'),
(4720, 23, 49, 1, '2024-12-20', 2, 5, '2025-01-03 14:01:56'),
(4721, 23, 50, 2, '2024-12-20', 2, 5, '2025-01-03 14:01:57'),
(4723, 23, 51, 3, '2024-12-20', 2, 5, '2025-01-03 14:01:59'),
(4726, 24, 46, 1, '2024-12-20', 2, 5, '2025-01-03 14:02:02'),
(4727, 26, 46, 3, '2024-12-20', 2, 5, '2025-01-03 14:02:03'),
(4730, 26, 49, 2, '2024-12-20', 2, 5, '2025-01-03 14:02:08'),
(4732, 26, 51, 1, '2024-12-20', 2, 5, '2025-01-03 14:02:09'),
(4733, 28, 46, 1, '2024-12-20', 2, 5, '2025-01-03 14:02:13'),
(4734, 28, 49, 1, '2024-12-20', 2, 5, '2025-01-03 14:02:14'),
(4735, 28, 51, 1, '2024-12-20', 2, 5, '2025-01-03 14:02:15'),
(4736, 30, 49, 2, '2024-12-20', 2, 5, '2025-01-03 14:02:17'),
(4738, 30, 50, 1, '2024-12-20', 2, 5, '2025-01-03 14:02:19'),
(4739, 18, 49, 1, '2024-12-19', 2, 5, '2025-01-03 14:03:09'),
(4740, 18, 47, 1, '2024-12-19', 2, 5, '2025-01-03 14:03:12'),
(4741, 19, 49, 1, '2024-12-19', 2, 5, '2025-01-03 14:03:15'),
(4742, 19, 46, 1, '2024-12-19', 2, 5, '2025-01-03 14:03:16'),
(4743, 20, 46, 1, '2024-12-19', 2, 5, '2025-01-03 14:03:18'),
(4744, 20, 49, 1, '2024-12-19', 2, 5, '2025-01-03 14:03:19'),
(4745, 21, 49, 1, '2024-12-19', 2, 5, '2025-01-03 14:03:23'),
(4746, 22, 46, 1, '2024-12-19', 2, 5, '2025-01-03 14:03:25'),
(4747, 23, 49, 1, '2024-12-19', 2, 5, '2025-01-03 14:03:29'),
(4748, 23, 50, 1, '2024-12-19', 2, 5, '2025-01-03 14:03:30'),
(4749, 23, 51, 1, '2024-12-19', 2, 5, '2025-01-03 14:03:31'),
(4750, 24, 49, 3, '2024-12-19', 2, 5, '2025-01-03 14:03:34'),
(4753, 24, 51, 1, '2024-12-19', 2, 5, '2025-01-03 14:03:36'),
(4754, 26, 49, 1, '2024-12-19', 2, 5, '2025-01-03 14:03:40'),
(4755, 26, 46, 1, '2024-12-19', 2, 5, '2025-01-03 14:03:41'),
(4756, 30, 47, 2, '2024-12-19', 2, 5, '2025-01-03 14:03:46'),
(4758, 30, 49, 1, '2024-12-19', 2, 5, '2025-01-03 14:03:47'),
(4759, 18, 46, 0, '2024-12-18', 2, 5, '2025-01-03 14:04:10'),
(4761, 18, 49, 1, '2024-12-18', 2, 5, '2025-01-03 14:04:15'),
(4762, 19, 49, 2, '2024-12-18', 2, 5, '2025-01-03 14:04:16'),
(4764, 19, 50, 1, '2024-12-18', 2, 5, '2025-01-03 14:04:17'),
(4765, 19, 51, 1, '2024-12-18', 2, 5, '2025-01-03 14:04:19'),
(4766, 20, 49, 2, '2024-12-18', 2, 5, '2025-01-03 14:04:21'),
(4768, 20, 50, 1, '2024-12-18', 2, 5, '2025-01-03 14:04:23'),
(4769, 21, 49, 1, '2024-12-18', 2, 5, '2025-01-03 14:04:27'),
(4770, 21, 47, 1, '2024-12-18', 2, 5, '2025-01-03 14:04:29'),
(4771, 22, 49, 1, '2024-12-18', 2, 5, '2025-01-03 14:04:32'),
(4772, 22, 50, 1, '2024-12-18', 2, 5, '2025-01-03 14:04:33'),
(4773, 22, 51, 1, '2024-12-18', 2, 5, '2025-01-03 14:04:34'),
(4774, 23, 50, 1, '2024-12-18', 2, 5, '2025-01-03 14:04:38'),
(4775, 24, 46, 2, '2024-12-18', 2, 5, '2025-01-03 14:04:42'),
(4777, 24, 50, 1, '2024-12-18', 2, 5, '2025-01-03 14:04:45'),
(4778, 28, 46, 2, '2024-12-18', 2, 5, '2025-01-03 14:04:49'),
(4780, 28, 49, 2, '2024-12-18', 2, 5, '2025-01-03 14:04:51'),
(4782, 28, 51, 1, '2024-12-18', 2, 5, '2025-01-03 14:04:54'),
(4783, 30, 49, 2, '2024-12-18', 2, 5, '2025-01-03 14:04:59'),
(4785, 30, 50, 2, '2024-12-18', 2, 5, '2025-01-03 14:05:02'),
(4787, 30, 51, 3, '2024-12-18', 2, 5, '2025-01-03 14:05:04'),
(4790, 30, 47, 4, '2024-12-18', 2, 5, '2025-01-03 14:05:06'),
(4794, 30, 48, 1, '2024-12-18', 2, 5, '2025-01-03 14:05:08'),
(4795, 19, 49, 3, '2024-12-17', 2, 5, '2025-01-03 14:05:50'),
(4798, 19, 50, 2, '2024-12-17', 2, 5, '2025-01-03 14:05:55'),
(4800, 19, 51, 1, '2024-12-17', 2, 5, '2025-01-03 14:05:56'),
(4801, 19, 47, 3, '2024-12-17', 2, 5, '2025-01-03 14:05:59'),
(4804, 20, 49, 2, '2024-12-17', 2, 5, '2025-01-03 14:06:03'),
(4806, 20, 51, 1, '2024-12-17', 2, 5, '2025-01-03 14:06:04'),
(4807, 22, 49, 1, '2024-12-17', 2, 5, '2025-01-03 14:06:07'),
(4808, 23, 49, 1, '2024-12-17', 2, 5, '2025-01-03 14:06:09'),
(4809, 23, 50, 2, '2024-12-17', 2, 5, '2025-01-03 14:06:11'),
(4812, 24, 49, 2, '2024-12-17', 2, 5, '2025-01-03 14:06:15'),
(4814, 26, 49, 1, '2024-12-17', 2, 5, '2025-01-03 14:06:18'),
(4815, 28, 49, 2, '2024-12-17', 2, 5, '2025-01-03 14:06:20'),
(4817, 29, 49, 1, '2024-12-17', 2, 5, '2025-01-03 14:06:23'),
(4818, 30, 49, 2, '2024-12-17', 2, 5, '2025-01-03 14:06:24'),
(4820, 30, 50, 2, '2024-12-17', 2, 5, '2025-01-03 14:06:31'),
(4822, 30, 51, 1, '2024-12-17', 2, 5, '2025-01-03 14:06:32'),
(4823, 19, 49, 1, '2024-12-16', 2, 5, '2025-01-03 14:07:08'),
(4824, 21, 49, 1, '2024-12-16', 2, 5, '2025-01-03 14:07:10'),
(4825, 21, 50, 1, '2024-12-16', 2, 5, '2025-01-03 14:07:11'),
(4826, 22, 49, 1, '2024-12-16', 2, 5, '2025-01-03 14:07:14'),
(4827, 28, 47, 0, '2024-12-16', 2, 5, '2025-01-03 14:07:17'),
(4828, 28, 46, 1, '2024-12-16', 2, 5, '2025-01-03 14:07:19'),
(4830, 28, 50, 2, '2024-12-16', 2, 5, '2025-01-03 14:07:21'),
(4831, 30, 49, 1, '2024-12-16', 2, 5, '2025-01-03 14:07:25'),
(4832, 29, 48, 1, '2024-12-16', 2, 5, '2025-01-03 14:07:35'),
(4833, 21, 51, 1, '2024-12-16', 2, 5, '2025-01-03 14:07:46'),
(4834, 23, 51, 2, '2024-12-16', 2, 5, '2025-01-03 14:07:51'),
(4835, 23, 50, 2, '2024-12-16', 2, 5, '2025-01-03 14:07:52'),
(4836, 23, 46, 1, '2024-12-16', 2, 5, '2025-01-03 14:07:54'),
(4839, 20, 51, 1, '2024-12-16', 2, 5, '2025-01-03 14:08:04'),
(4841, 23, 49, 1, '2024-12-16', 2, 5, '2025-01-03 14:08:16'),
(4842, 19, 46, 1, '2024-12-13', 2, 5, '2025-01-03 14:08:53'),
(4843, 20, 49, 2, '2024-12-13', 2, 5, '2025-01-03 14:08:56'),
(4845, 20, 46, 2, '2024-12-13', 2, 5, '2025-01-03 14:08:58'),
(4847, 20, 51, 2, '2024-12-13', 2, 5, '2025-01-03 14:09:00'),
(4849, 22, 46, 2, '2024-12-13', 2, 5, '2025-01-03 14:09:05'),
(4851, 23, 49, 1, '2024-12-13', 2, 5, '2025-01-03 14:09:10'),
(4852, 23, 51, 1, '2024-12-13', 2, 5, '2025-01-03 14:09:11'),
(4853, 26, 46, 2, '2024-12-13', 2, 5, '2025-01-03 14:09:16'),
(4855, 26, 50, 1, '2024-12-13', 2, 5, '2025-01-03 14:09:18'),
(4856, 26, 51, 1, '2024-12-13', 2, 5, '2025-01-03 14:09:19'),
(4857, 26, 48, 1, '2024-12-13', 2, 5, '2025-01-03 14:09:22'),
(4858, 27, 48, 1, '2024-12-13', 2, 5, '2025-01-03 14:09:27'),
(4859, 27, 50, 1, '2024-12-13', 2, 5, '2025-01-03 14:09:28'),
(4860, 27, 51, 1, '2024-12-13', 2, 5, '2025-01-03 14:09:29'),
(4861, 28, 50, 1, '2024-12-13', 2, 5, '2025-01-03 14:09:33'),
(4862, 28, 48, 1, '2024-12-13', 2, 5, '2025-01-03 14:09:34'),
(4863, 29, 50, 1, '2024-12-13', 2, 5, '2025-01-03 14:09:37'),
(4864, 29, 51, 1, '2024-12-13', 2, 5, '2025-01-03 14:09:38'),
(4865, 30, 49, 1, '2024-12-13', 2, 5, '2025-01-03 14:09:42'),
(4866, 30, 47, 1, '2024-12-13', 2, 5, '2025-01-03 14:09:44'),
(4867, 19, 47, 1, '2024-12-12', 2, 5, '2025-01-03 14:10:18'),
(4868, 20, 49, 2, '2024-12-12', 2, 5, '2025-01-03 14:10:20'),
(4870, 23, 49, 1, '2024-12-12', 2, 5, '2025-01-03 14:10:26'),
(4871, 23, 50, 1, '2024-12-12', 2, 5, '2025-01-03 14:10:27'),
(4872, 24, 49, 2, '2024-12-12', 2, 5, '2025-01-03 14:10:29'),
(4874, 27, 49, 1, '2024-12-12', 2, 5, '2025-01-03 14:10:33'),
(4875, 28, 51, 1, '2024-12-12', 2, 5, '2025-01-03 14:10:36'),
(4876, 30, 49, 2, '2024-12-12', 2, 5, '2025-01-03 14:10:39'),
(4878, 30, 50, 3, '2024-12-12', 2, 5, '2025-01-03 14:10:41'),
(4881, 30, 46, 1, '2024-12-12', 2, 5, '2025-01-03 14:10:44'),
(4882, 30, 48, 1, '2024-12-12', 2, 5, '2025-01-03 14:10:45'),
(4883, 19, 46, 1, '2024-12-11', 2, 5, '2025-01-03 14:11:23'),
(4884, 19, 51, 2, '2024-12-11', 2, 5, '2025-01-03 14:11:24'),
(4886, 20, 49, 2, '2024-12-11', 2, 5, '2025-01-03 14:11:27'),
(4888, 20, 51, 1, '2024-12-11', 2, 5, '2025-01-03 14:11:28'),
(4889, 22, 49, 1, '2024-12-11', 2, 5, '2025-01-03 14:11:33'),
(4890, 22, 51, 1, '2024-12-11', 2, 5, '2025-01-03 14:11:34'),
(4891, 23, 49, 1, '2024-12-11', 2, 5, '2025-01-03 14:11:39'),
(4892, 23, 50, 2, '2024-12-11', 2, 5, '2025-01-03 14:11:39'),
(4894, 23, 51, 1, '2024-12-11', 2, 5, '2025-01-03 14:11:41'),
(4895, 24, 46, 2, '2024-12-11', 2, 5, '2025-01-03 14:11:44'),
(4897, 24, 47, 1, '2024-12-11', 2, 5, '2025-01-03 14:11:48'),
(4898, 26, 49, 1, '2024-12-11', 2, 5, '2025-01-03 14:11:52'),
(4899, 26, 51, 1, '2024-12-11', 2, 5, '2025-01-03 14:11:54'),
(4900, 27, 46, 2, '2024-12-11', 2, 5, '2025-01-03 14:11:57'),
(4902, 27, 50, 1, '2024-12-11', 2, 5, '2025-01-03 14:12:01'),
(4903, 27, 47, 2, '2024-12-11', 2, 5, '2025-01-03 14:12:02'),
(4905, 27, 48, 1, '2024-12-11', 2, 5, '2025-01-03 14:12:04'),
(4906, 28, 49, 1, '2024-12-11', 2, 5, '2025-01-03 14:12:07'),
(4907, 28, 46, 1, '2024-12-11', 2, 5, '2025-01-03 14:12:08'),
(4908, 30, 49, 2, '2024-12-11', 2, 5, '2025-01-03 14:12:12'),
(4910, 30, 47, 1, '2024-12-11', 2, 5, '2025-01-03 14:12:13'),
(4911, 19, 49, 1, '2024-12-10', 2, 5, '2025-01-03 14:12:48'),
(4912, 19, 51, 1, '2024-12-10', 2, 5, '2025-01-03 14:12:52'),
(4913, 19, 47, 1, '2024-12-10', 2, 5, '2025-01-03 14:12:53'),
(4914, 20, 46, 1, '2024-12-10', 2, 5, '2025-01-03 14:12:59'),
(4915, 21, 49, 1, '2024-12-10', 2, 5, '2025-01-03 14:13:02'),
(4916, 22, 49, 1, '2024-12-10', 2, 5, '2025-01-03 14:13:03'),
(4917, 23, 50, 3, '2024-12-10', 2, 5, '2025-01-03 14:13:05'),
(4920, 23, 51, 1, '2024-12-10', 2, 5, '2025-01-03 14:13:06'),
(4921, 23, 47, 1, '2024-12-10', 2, 5, '2025-01-03 14:13:08'),
(4922, 26, 49, 2, '2024-12-10', 2, 5, '2025-01-03 14:13:11'),
(4926, 26, 46, 2, '2024-12-10', 2, 5, '2025-01-03 14:13:15'),
(4928, 26, 50, 1, '2024-12-10', 2, 5, '2025-01-03 14:13:18'),
(4929, 27, 49, 1, '2024-12-10', 2, 5, '2025-01-03 14:13:21'),
(4930, 27, 46, 1, '2024-12-10', 2, 5, '2025-01-03 14:13:22'),
(4931, 28, 49, 3, '2024-12-10', 2, 5, '2025-01-03 14:13:26'),
(4934, 28, 51, 3, '2024-12-10', 2, 5, '2025-01-03 14:13:27'),
(4938, 28, 48, 1, '2024-12-10', 2, 5, '2025-01-03 14:13:31'),
(4939, 30, 49, 3, '2024-12-10', 2, 5, '2025-01-03 14:13:35'),
(4942, 30, 48, 1, '2024-12-10', 2, 5, '2025-01-03 14:13:39'),
(4943, 19, 49, 1, '2024-12-09', 2, 5, '2025-01-03 14:14:11'),
(4944, 19, 46, 1, '2024-12-09', 2, 5, '2025-01-03 14:14:13'),
(4945, 19, 50, 2, '2024-12-09', 2, 5, '2025-01-03 14:14:16'),
(4947, 19, 51, 1, '2024-12-09', 2, 5, '2025-01-03 14:14:17'),
(4948, 19, 48, 1, '2024-12-09', 2, 5, '2025-01-03 14:14:18'),
(4949, 19, 47, 1, '2024-12-09', 2, 5, '2025-01-03 14:14:19'),
(4950, 20, 49, 1, '2024-12-09', 2, 5, '2025-01-03 14:14:46'),
(4951, 21, 49, 1, '2024-12-09', 2, 5, '2025-01-03 14:14:48'),
(4952, 22, 49, 1, '2024-12-09', 2, 5, '2025-01-03 14:14:49'),
(4953, 23, 49, 2, '2024-12-09', 2, 5, '2025-01-03 14:14:50'),
(4955, 23, 50, 1, '2024-12-09', 2, 5, '2025-01-03 14:14:52'),
(4956, 23, 51, 1, '2024-12-09', 2, 5, '2025-01-03 14:14:53'),
(4957, 23, 47, 1, '2024-12-09', 2, 5, '2025-01-03 14:14:54'),
(4958, 24, 48, 1, '2024-12-09', 2, 5, '2025-01-03 14:14:59'),
(4959, 24, 49, 1, '2024-12-09', 2, 5, '2025-01-03 14:15:00'),
(4960, 27, 46, 1, '2024-12-09', 2, 5, '2025-01-03 14:15:05'),
(4961, 27, 50, 1, '2024-12-09', 2, 5, '2025-01-03 14:15:08'),
(4962, 29, 51, 1, '2024-12-09', 2, 5, '2025-01-03 14:15:14'),
(4963, 30, 49, 2, '2024-12-09', 2, 5, '2025-01-03 14:15:16'),
(4965, 30, 50, 1, '2024-12-09', 2, 5, '2025-01-03 14:15:18'),
(4966, 30, 47, 1, '2024-12-09', 2, 5, '2025-01-03 14:15:19'),
(4967, 19, 46, 1, '2024-12-06', 2, 5, '2025-01-03 14:16:05'),
(4968, 19, 51, 1, '2024-12-06', 2, 5, '2025-01-03 14:16:12'),
(4969, 19, 48, 2, '2024-12-06', 2, 5, '2025-01-03 14:16:14'),
(4971, 22, 49, 1, '2024-12-06', 2, 5, '2025-01-03 14:16:17'),
(4972, 23, 49, 1, '2024-12-06', 2, 5, '2025-01-03 14:16:18'),
(4973, 23, 50, 1, '2024-12-06', 2, 5, '2025-01-03 14:16:19'),
(4974, 24, 49, 1, '2024-12-06', 2, 5, '2025-01-03 14:16:21'),
(4975, 24, 46, 1, '2024-12-06', 2, 5, '2025-01-03 14:16:22'),
(4976, 24, 50, 1, '2024-12-06', 2, 5, '2025-01-03 14:16:24'),
(4977, 26, 49, 2, '2024-12-06', 2, 5, '2025-01-03 14:16:29'),
(4979, 26, 50, 1, '2024-12-06', 2, 5, '2025-01-03 14:16:32'),
(4980, 27, 50, 1, '2024-12-06', 2, 5, '2025-01-03 14:16:41'),
(4981, 27, 47, 1, '2024-12-06', 2, 5, '2025-01-03 14:16:42'),
(4982, 27, 46, 1, '2024-12-06', 2, 5, '2025-01-03 14:16:43'),
(4983, 28, 49, 2, '2024-12-06', 2, 5, '2025-01-03 14:16:45'),
(4985, 29, 48, 1, '2024-12-06', 2, 5, '2025-01-03 14:16:49'),
(4986, 30, 49, 3, '2024-12-06', 2, 5, '2025-01-03 14:16:50'),
(4989, 30, 50, 1, '2024-12-06', 2, 5, '2025-01-03 14:16:52'),
(4990, 19, 49, 1, '2024-12-05', 2, 5, '2025-01-03 14:17:24'),
(4991, 19, 46, 1, '2024-12-05', 2, 5, '2025-01-03 14:17:26'),
(4992, 19, 51, 1, '2024-12-05', 2, 5, '2025-01-03 14:17:27'),
(4993, 20, 50, 1, '2024-12-05', 2, 5, '2025-01-03 14:17:30'),
(4994, 20, 51, 1, '2024-12-05', 2, 5, '2025-01-03 14:17:31'),
(4995, 21, 49, 1, '2024-12-05', 2, 5, '2025-01-03 14:17:34'),
(4996, 22, 49, 1, '2024-12-05', 2, 5, '2025-01-03 14:17:36'),
(4997, 22, 46, 1, '2024-12-05', 2, 5, '2025-01-03 14:17:39'),
(4998, 24, 49, 1, '2024-12-05', 2, 5, '2025-01-03 14:17:44'),
(4999, 24, 46, 1, '2024-12-05', 2, 5, '2025-01-03 14:17:46'),
(5000, 24, 47, 1, '2024-12-05', 2, 5, '2025-01-03 14:17:47'),
(5001, 26, 49, 0, '2024-12-05', 2, 5, '2025-01-03 14:17:50'),
(5003, 26, 46, 1, '2024-12-05', 2, 5, '2025-01-03 14:17:52'),
(5004, 27, 46, 2, '2024-12-05', 2, 5, '2025-01-03 14:17:53'),
(5006, 27, 48, 1, '2024-12-05', 2, 5, '2025-01-03 14:17:57'),
(5007, 27, 50, 1, '2024-12-05', 2, 5, '2025-01-03 14:17:59'),
(5008, 27, 51, 1, '2024-12-05', 2, 5, '2025-01-03 14:17:59'),
(5009, 28, 49, 2, '2024-12-05', 2, 5, '2025-01-03 14:18:02'),
(5011, 28, 46, 1, '2024-12-05', 2, 5, '2025-01-03 14:18:04'),
(5012, 30, 49, 0, '2024-12-05', 2, 5, '2025-01-03 14:18:08'),
(5014, 29, 49, 1, '2024-12-05', 2, 5, '2025-01-03 14:18:10'),
(5015, 29, 50, 1, '2024-12-05', 2, 5, '2025-01-03 14:18:11'),
(5016, 19, 46, 2, '2024-12-04', 2, 5, '2025-01-03 14:18:54'),
(5018, 20, 46, 1, '2024-12-04', 2, 5, '2025-01-03 14:18:58'),
(5019, 20, 49, 1, '2024-12-04', 2, 5, '2025-01-03 14:18:59'),
(5020, 20, 50, 1, '2024-12-04', 2, 5, '2025-01-03 14:19:00'),
(5021, 22, 49, 1, '2024-12-04', 2, 5, '2025-01-03 14:19:05'),
(5022, 22, 51, 2, '2024-12-04', 2, 5, '2025-01-03 14:19:06'),
(5024, 23, 49, 3, '2024-12-04', 2, 5, '2025-01-03 14:19:10'),
(5027, 23, 50, 1, '2024-12-04', 2, 5, '2025-01-03 14:19:12'),
(5028, 23, 51, 1, '2024-12-04', 2, 5, '2025-01-03 14:19:13'),
(5029, 24, 49, 1, '2024-12-04', 2, 5, '2025-01-03 14:19:15'),
(5030, 24, 50, 1, '2024-12-04', 2, 5, '2025-01-03 14:19:16'),
(5031, 27, 46, 1, '2024-12-04', 2, 5, '2025-01-03 14:19:21'),
(5032, 27, 47, 1, '2024-12-04', 2, 5, '2025-01-03 14:19:24'),
(5033, 27, 50, 1, '2024-12-04', 2, 5, '2025-01-03 14:19:26'),
(5034, 28, 46, 2, '2024-12-04', 2, 5, '2025-01-03 14:19:30'),
(5036, 29, 47, 1, '2024-12-04', 2, 5, '2025-01-03 14:19:32'),
(5037, 29, 50, 1, '2024-12-04', 2, 5, '2025-01-03 14:19:34'),
(5038, 19, 49, 2, '2024-12-03', 2, 5, '2025-01-03 14:27:58'),
(5042, 19, 46, 1, '2024-12-03', 2, 5, '2025-01-03 14:28:05'),
(5043, 19, 47, 1, '2024-12-03', 2, 5, '2025-01-03 14:28:06'),
(5044, 19, 50, 1, '2024-12-03', 2, 5, '2025-01-03 14:28:07'),
(5045, 20, 46, 1, '2024-12-03', 2, 5, '2025-01-03 14:28:09'),
(5046, 22, 49, 1, '2024-12-03', 2, 5, '2025-01-03 14:28:15'),
(5047, 22, 47, 1, '2024-12-03', 2, 5, '2025-01-03 14:28:17'),
(5048, 23, 49, 2, '2024-12-03', 2, 5, '2025-01-03 14:28:21'),
(5050, 23, 50, 1, '2024-12-03', 2, 5, '2025-01-03 14:28:24'),
(5051, 24, 49, 3, '2024-12-03', 2, 5, '2025-01-03 14:28:29'),
(5053, 24, 48, 2, '2024-12-03', 2, 5, '2025-01-03 14:28:31'),
(5056, 27, 47, 1, '2024-12-03', 2, 5, '2025-01-03 14:28:39'),
(5057, 28, 49, 1, '2024-12-03', 2, 5, '2025-01-03 14:28:42'),
(5058, 28, 51, 1, '2024-12-03', 2, 5, '2025-01-03 14:28:43'),
(5059, 28, 46, 1, '2024-12-03', 2, 5, '2025-01-03 14:28:45'),
(5060, 19, 49, 1, '2024-12-02', 2, 5, '2025-01-03 14:29:19'),
(5061, 19, 46, 2, '2024-12-02', 2, 5, '2025-01-03 14:29:21'),
(5063, 19, 47, 1, '2024-12-02', 2, 5, '2025-01-03 14:29:25'),
(5064, 23, 49, 2, '2024-12-02', 2, 5, '2025-01-03 14:29:31'),
(5066, 23, 46, 2, '2024-12-02', 2, 5, '2025-01-03 14:29:34'),
(5068, 23, 50, 2, '2024-12-02', 2, 5, '2025-01-03 14:29:36'),
(5070, 23, 51, 2, '2024-12-02', 2, 5, '2025-01-03 14:29:38'),
(5072, 24, 46, 1, '2024-12-02', 2, 5, '2025-01-03 14:29:41'),
(5073, 24, 47, 1, '2024-12-02', 2, 5, '2025-01-03 14:29:44'),
(5074, 26, 49, 2, '2024-12-02', 2, 5, '2025-01-03 14:29:47'),
(5076, 27, 49, 1, '2024-12-02', 2, 5, '2025-01-03 14:29:50'),
(5077, 27, 47, 1, '2024-12-02', 2, 5, '2025-01-03 14:29:51'),
(5078, 27, 46, 1, '2024-12-02', 2, 5, '2025-01-03 14:29:52'),
(5079, 28, 49, 1, '2024-12-02', 2, 5, '2025-01-03 14:29:57'),
(5080, 28, 46, 1, '2024-12-02', 2, 5, '2025-01-03 14:30:00'),
(5081, 28, 50, 1, '2024-12-02', 2, 5, '2025-01-03 14:30:01'),
(5082, 29, 49, 1, '2024-12-02', 2, 5, '2025-01-03 14:30:04'),
(5083, 29, 51, 1, '2024-12-02', 2, 5, '2025-01-03 14:30:05'),
(5084, 18, 51, 1, '2025-01-03', 2, 5, '2025-01-03 17:01:02'),
(5085, 18, 50, 1, '2025-01-03', 2, 5, '2025-01-03 17:01:03'),
(5086, 18, 49, 1, '2025-01-03', 2, 5, '2025-01-03 17:01:04'),
(5087, 19, 47, 5, '2025-01-03', 2, 5, '2025-01-03 17:01:09'),
(5092, 19, 46, 2, '2025-01-03', 2, 5, '2025-01-03 17:01:13'),
(5094, 19, 51, 2, '2025-01-03', 2, 5, '2025-01-03 17:01:16'),
(5096, 20, 51, 2, '2025-01-03', 2, 5, '2025-01-03 17:01:20'),
(5098, 20, 50, 2, '2025-01-03', 2, 5, '2025-01-03 17:01:21'),
(5101, 23, 51, 1, '2025-01-03', 2, 5, '2025-01-03 17:01:28'),
(5102, 27, 49, 1, '2025-01-03', 2, 5, '2025-01-03 17:01:32'),
(5103, 27, 47, 1, '2025-01-03', 2, 5, '2025-01-03 17:01:34'),
(5104, 27, 46, 2, '2025-01-03', 2, 5, '2025-01-03 17:01:35'),
(5106, 30, 49, 3, '2025-01-03', 2, 5, '2025-01-03 17:01:40'),
(5109, 30, 47, 1, '2025-01-03', 2, 5, '2025-01-03 17:01:43'),
(5110, 30, 51, 1, '2025-01-03', 2, 5, '2025-01-03 17:01:45'),
(5111, 30, 46, 2, '2025-01-03', 2, 5, '2025-01-03 17:01:48'),
(5113, 31, 49, 1, '2025-01-03', 2, 5, '2025-01-03 17:01:50'),
(5114, 32, 49, 1, '2025-01-03', 2, 5, '2025-01-03 17:01:51'),
(5115, 30, 50, 2, '2025-01-06', 2, 5, '2025-01-06 09:09:22'),
(5116, 30, 49, 3, '2025-01-06', 2, 5, '2025-01-06 09:14:25'),
(5117, 26, 49, 1, '2025-01-06', 2, 5, '2025-01-06 09:21:21'),
(5118, 27, 49, 1, '2025-01-06', 2, 5, '2025-01-06 09:42:47'),
(5119, 19, 49, 2, '2025-01-06', 2, 5, '2025-01-06 09:43:58'),
(5120, 32, 47, 1, '2025-01-06', 2, 5, '2025-01-06 10:07:35'),
(5121, 19, 48, 1, '2025-01-06', 2, 5, '2025-01-06 10:07:50'),
(5122, 18, 51, 2, '2025-01-06', 2, 5, '2025-01-06 10:09:51'),
(5123, 19, 50, 2, '2025-01-06', 2, 5, '2025-01-06 10:11:43'),
(5124, 27, 46, 3, '2025-01-06', 2, 5, '2025-01-06 10:14:02'),
(5127, 28, 49, 1, '2025-01-06', 2, 5, '2025-01-06 10:57:44'),
(5128, 30, 47, 1, '2025-01-06', 2, 5, '2025-01-06 11:03:05'),
(5129, 19, 51, 3, '2025-01-06', 2, 5, '2025-01-06 11:55:51'),
(5131, 20, 49, 1, '2025-01-06', 2, 5, '2025-01-06 11:55:58'),
(5135, 32, 49, 1, '2025-01-06', 2, 5, '2025-01-06 14:10:28'),
(5140, 19, 46, 1, '2025-01-06', 2, 5, '2025-01-06 16:40:56'),
(5141, 27, 50, 1, '2025-01-06', 2, 5, '2025-01-06 16:41:50'),
(5142, 30, 47, 2, '2025-01-07', 2, 5, '2025-01-07 09:32:56'),
(5143, 28, 51, 2, '2025-01-07', 2, 5, '2025-01-07 09:38:50'),
(5144, 24, 49, 2, '2025-01-07', 2, 5, '2025-01-07 09:43:38'),
(5146, 27, 46, 1, '2025-01-07', 2, 5, '2025-01-07 10:02:29'),
(5148, 31, 51, 0, '2025-01-07', 2, 5, '2025-01-07 10:07:19'),
(5150, 31, 50, 1, '2025-01-07', 2, 5, '2025-01-07 10:07:21'),
(5151, 26, 48, 0, '2025-01-07', 2, 5, '2025-01-07 10:20:16'),
(5153, 27, 48, 1, '2025-01-07', 2, 5, '2025-01-07 10:20:29'),
(5155, 30, 49, 1, '2025-01-07', 2, 5, '2025-01-07 10:32:51'),
(5156, 18, 47, 1, '2025-01-07', 2, 5, '2025-01-07 10:33:45'),
(5157, 27, 50, 1, '2025-01-07', 2, 5, '2025-01-07 10:37:54'),
(5158, 26, 49, 1, '2025-01-07', 2, 5, '2025-01-07 10:51:06'),
(5159, 25, 46, 1, '2025-01-07', 2, 5, '2025-01-07 11:07:11'),
(5160, 20, 49, 3, '2025-01-07', 2, 5, '2025-01-07 11:35:16'),
(5161, 20, 51, 3, '2025-01-07', 2, 5, '2025-01-07 11:35:19'),
(5163, 19, 49, 3, '2025-01-07', 2, 5, '2025-01-07 11:56:49'),
(5165, 26, 47, 1, '2025-01-07', 2, 5, '2025-01-07 12:23:53'),
(5167, 26, 46, 1, '2025-01-07', 2, 5, '2025-01-07 14:00:29'),
(5171, 30, 50, 1, '2025-01-07', 2, 5, '2025-01-07 15:01:38'),
(5173, 28, 49, 1, '2025-01-07', 2, 5, '2025-01-08 08:34:04'),
(5174, 18, 46, 1, '2025-01-07', 2, 5, '2025-01-08 08:34:30'),
(5175, 20, 46, 1, '2025-01-07', 2, 5, '2025-01-08 08:34:38'),
(5179, 25, 49, 3, '2025-01-08', 2, 5, '2025-01-08 09:54:12'),
(5180, 18, 46, 1, '2025-01-08', 2, 5, '2025-01-08 09:57:45'),
(5181, 26, 51, 2, '2025-01-08', 2, 5, '2025-01-08 10:06:24'),
(5182, 19, 49, 3, '2025-01-08', 2, 5, '2025-01-08 10:19:04'),
(5183, 27, 47, 0, '2025-01-08', 2, 5, '2025-01-08 10:21:06'),
(5185, 27, 48, 1, '2025-01-08', 2, 5, '2025-01-08 10:21:09'),
(5186, 24, 47, 1, '2025-01-08', 2, 5, '2025-01-08 10:33:38'),
(5187, 18, 49, 1, '2025-01-08', 2, 5, '2025-01-08 10:37:56'),
(5188, 28, 50, 1, '2025-01-08', 2, 5, '2025-01-08 10:38:52'),
(5189, 19, 50, 1, '2025-01-08', 2, 5, '2025-01-08 10:55:55'),
(5191, 28, 49, 1, '2025-01-08', 2, 5, '2025-01-08 11:39:49'),
(5192, 21, 49, 1, '2025-01-08', 2, 5, '2025-01-08 12:15:36'),
(5194, 30, 49, 1, '2025-01-08', 2, 5, '2025-01-08 12:20:26'),
(5195, 26, 49, 2, '2025-01-08', 2, 5, '2025-01-08 12:24:34'),
(5196, 31, 50, 1, '2025-01-08', 2, 5, '2025-01-08 12:28:21'),
(5200, 19, 51, 1, '2025-01-08', 2, 5, '2025-01-08 14:25:01'),
(5201, 21, 51, 1, '2025-01-08', 2, 5, '2025-01-08 14:25:05'),
(5202, 28, 46, 1, '2025-01-08', 2, 5, '2025-01-08 14:25:08'),
(5203, 18, 47, 1, '2025-01-08', 2, 5, '2025-01-08 14:30:17'),
(5207, 27, 51, 1, '2025-01-08', 2, 5, '2025-01-08 15:30:18'),
(5208, 30, 47, 1, '2025-01-08', 2, 5, '2025-01-08 16:13:29'),
(5209, 26, 49, 2, '2025-01-09', 2, 5, '2025-01-09 10:03:47'),
(5210, 18, 49, 1, '2025-01-09', 2, 5, '2025-01-09 10:14:16'),
(5211, 30, 49, 2, '2025-01-09', 2, 5, '2025-01-09 10:19:26'),
(5212, 27, 49, 2, '2025-01-09', 2, 5, '2025-01-09 10:25:02'),
(5213, 27, 47, 1, '2025-01-09', 2, 5, '2025-01-09 11:05:55'),
(5214, 19, 46, 2, '2025-01-09', 2, 5, '2025-01-09 11:06:24'),
(5215, 20, 50, 1, '2025-01-09', 2, 5, '2025-01-09 11:07:02'),
(5217, 30, 47, 1, '2025-01-09', 2, 5, '2025-01-09 11:29:40'),
(5218, 28, 46, 2, '2025-01-09', 2, 5, '2025-01-09 11:29:43'),
(5219, 19, 50, 2, '2025-01-09', 2, 5, '2025-01-09 11:46:29'),
(5220, 19, 51, 1, '2025-01-09', 2, 5, '2025-01-09 11:46:30'),
(5222, 19, 47, 1, '2025-01-09', 2, 5, '2025-01-09 12:36:33'),
(5223, 24, 48, 1, '2025-01-09', 2, 5, '2025-01-09 12:52:41'),
(5225, 28, 51, 3, '2025-01-09', 2, 5, '2025-01-09 13:01:13'),
(5227, 31, 51, 1, '2025-01-09', 2, 5, '2025-01-09 13:11:50'),
(5228, 31, 50, 1, '2025-01-09', 2, 5, '2025-01-09 13:11:51'),
(5229, 30, 51, 1, '2025-01-09', 2, 5, '2025-01-09 13:17:32'),
(5230, 25, 49, 2, '2025-01-09', 2, 5, '2025-01-09 13:40:18'),
(5232, 25, 51, 1, '2025-01-09', 2, 5, '2025-01-09 13:40:19'),
(5235, 20, 49, 1, '2025-01-09', 2, 5, '2025-01-09 15:18:25'),
(5236, 31, 46, 1, '2025-01-09', 2, 5, '2025-01-09 15:52:28'),
(5238, 28, 49, 1, '2025-01-09', 2, 5, '2025-01-09 16:23:28'),
(5239, 24, 46, 1, '2025-01-09', 2, 5, '2025-01-09 16:24:22'),
(5240, 24, 49, 1, '2025-01-09', 2, 5, '2025-01-09 16:33:27'),
(5242, 30, 49, 4, '2025-01-10', 2, 5, '2025-01-10 09:15:26'),
(5243, 32, 49, 2, '2025-01-10', 2, 5, '2025-01-10 09:39:12'),
(5244, 32, 51, 1, '2025-01-10', 2, 5, '2025-01-10 09:44:04'),
(5245, 27, 49, 2, '2025-01-10', 2, 5, '2025-01-10 09:50:38'),
(5246, 24, 49, 2, '2025-01-10', 2, 5, '2025-01-10 09:53:45'),
(5248, 19, 49, 3, '2025-01-10', 2, 5, '2025-01-10 10:00:47'),
(5249, 31, 51, 1, '2025-01-10', 2, 5, '2025-01-10 10:08:09'),
(5251, 18, 49, 1, '2025-01-10', 2, 5, '2025-01-10 10:12:12'),
(5252, 24, 48, 1, '2025-01-10', 2, 5, '2025-01-10 10:27:56'),
(5253, 19, 50, 1, '2025-01-10', 2, 5, '2025-01-10 10:43:38'),
(5255, 27, 48, 2, '2025-01-10', 2, 5, '2025-01-10 11:20:16'),
(5257, 28, 50, 1, '2025-01-10', 2, 5, '2025-01-10 11:51:39'),
(5258, 23, 49, 0, '2025-01-10', 2, 5, '2025-01-10 12:02:51'),
(5261, 18, 51, 1, '2025-01-10', 2, 5, '2025-01-10 12:14:15'),
(5264, 27, 51, 1, '2025-01-10', 2, 5, '2025-01-10 13:03:30'),
(5265, 28, 51, 1, '2025-01-10', 2, 5, '2025-01-10 13:22:46'),
(5267, 25, 49, 1, '2025-01-10', 2, 5, '2025-01-10 13:46:09'),
(5268, 30, 51, 2, '2025-01-10', 2, 5, '2025-01-10 14:07:18'),
(5269, 20, 49, 1, '2025-01-10', 2, 5, '2025-01-10 14:50:14'),
(5270, 31, 49, 1, '2025-01-10', 2, 5, '2025-01-10 14:50:17'),
(5271, 20, 46, 1, '2025-01-10', 2, 5, '2025-01-10 14:54:42'),
(5276, 19, 46, 1, '2025-01-10', 2, 5, '2025-01-10 16:10:30'),
(5277, 28, 49, 1, '2025-01-10', 2, 5, '2025-01-10 16:11:31'),
(5278, 32, 47, 1, '2025-01-10', 2, 5, '2025-01-10 16:12:40'),
(5279, 32, 51, 1, '2025-01-13', 2, 5, '2025-01-13 09:23:18'),
(5280, 30, 49, 1, '2025-01-13', 2, 5, '2025-01-13 09:35:02'),
(5281, 21, 50, 2, '2025-01-13', 2, 5, '2025-01-13 09:36:13'),
(5282, 27, 49, 1, '2025-01-13', 2, 5, '2025-01-13 09:40:07'),
(5283, 27, 51, 1, '2025-01-13', 2, 5, '2025-01-13 09:44:45'),
(5284, 28, 51, 1, '2025-01-13', 2, 5, '2025-01-13 09:45:47'),
(5285, 26, 50, 1, '2025-01-13', 2, 5, '2025-01-13 09:58:10'),
(5286, 18, 46, 1, '2025-01-13', 2, 5, '2025-01-13 10:06:11'),
(5287, 31, 46, 1, '2025-01-13', 2, 5, '2025-01-13 10:09:21'),
(5288, 21, 49, 1, '2025-01-13', 2, 5, '2025-01-13 10:34:33'),
(5289, 19, 51, 2, '2025-01-13', 2, 5, '2025-01-13 10:49:02'),
(5294, 21, 51, 1, '2025-01-13', 2, 5, '2025-01-13 10:59:32'),
(5295, 24, 48, 2, '2025-01-13', 2, 5, '2025-01-13 11:25:16'),
(5296, 30, 51, 1, '2025-01-13', 2, 5, '2025-01-13 11:40:26'),
(5297, 23, 49, 2, '2025-01-13', 2, 5, '2025-01-13 11:45:23'),
(5298, 23, 50, 2, '2025-01-13', 2, 5, '2025-01-13 11:45:24'),
(5299, 23, 51, 3, '2025-01-13', 2, 5, '2025-01-13 11:45:25'),
(5300, 28, 49, 1, '2025-01-13', 2, 5, '2025-01-13 11:58:12'),
(5301, 27, 47, 1, '2025-01-13', 2, 5, '2025-01-13 11:59:33'),
(5303, 25, 49, 1, '2025-01-13', 2, 5, '2025-01-13 12:28:39'),
(5304, 23, 46, 1, '2025-01-13', 2, 5, '2025-01-13 13:16:18'),
(5307, 31, 51, 1, '2025-01-13', 2, 5, '2025-01-13 13:42:25'),
(5308, 28, 46, 1, '2025-01-13', 2, 5, '2025-01-13 13:42:27'),
(5309, 26, 49, 1, '2025-01-13', 2, 5, '2025-01-13 13:51:38'),
(5311, 32, 49, 1, '2025-01-13', 2, 5, '2025-01-13 14:08:54'),
(5312, 27, 46, 1, '2025-01-13', 2, 5, '2025-01-13 14:26:07'),
(5313, 27, 50, 1, '2025-01-13', 2, 5, '2025-01-13 14:26:09'),
(5315, 26, 51, 1, '2025-01-13', 2, 5, '2025-01-13 14:50:38'),
(5317, 32, 48, 1, '2025-01-13', 2, 5, '2025-01-13 15:23:22'),
(5318, 25, 48, 1, '2025-01-13', 2, 5, '2025-01-13 15:56:19'),
(5319, 25, 47, 1, '2025-01-13', 2, 5, '2025-01-13 15:57:17'),
(5321, 26, 48, 0, '2025-01-14', 2, 5, '2025-01-13 21:10:56'),
(5322, 18, 46, 0, '2025-01-14', 2, 5, '2025-01-14 09:01:28'),
(5324, 32, 46, 1, '2025-01-14', 2, 5, '2025-01-14 09:49:33'),
(5325, 28, 51, 2, '2025-01-14', 2, 5, '2025-01-14 09:49:43'),
(5326, 21, 47, 1, '2025-01-14', 2, 5, '2025-01-14 10:25:26'),
(5327, 31, 49, 1, '2025-01-14', 2, 5, '2025-01-14 10:25:36'),
(5328, 30, 49, 2, '2025-01-14', 2, 5, '2025-01-14 10:25:41'),
(5329, 29, 51, 1, '2025-01-14', 2, 5, '2025-01-14 10:25:51'),
(5331, 24, 46, 1, '2025-01-14', 2, 5, '2025-01-14 12:01:17'),
(5332, 18, 49, 1, '2025-01-14', 2, 5, '2025-01-14 12:01:25'),
(5333, 23, 50, 2, '2025-01-14', 2, 5, '2025-01-14 12:01:31'),
(5334, 24, 47, 1, '2025-01-14', 2, 5, '2025-01-14 12:01:39'),
(5335, 29, 49, 1, '2025-01-14', 2, 5, '2025-01-14 12:01:49'),
(5336, 27, 46, 2, '2025-01-14', 2, 5, '2025-01-14 12:01:54'),
(5338, 25, 46, 1, '2025-01-14', 2, 5, '2025-01-14 12:25:35'),
(5340, 32, 49, 1, '2025-01-14', 2, 5, '2025-01-14 13:11:40'),
(5341, 19, 49, 2, '2025-01-14', 2, 5, '2025-01-14 14:08:38'),
(5344, 25, 49, 1, '2025-01-14', 2, 5, '2025-01-14 14:08:55'),
(5345, 19, 47, 1, '2025-01-14', 2, 5, '2025-01-14 14:13:55'),
(5346, 18, 50, 1, '2025-01-14', 2, 5, '2025-01-14 14:57:41'),
(5347, 28, 46, 1, '2025-01-14', 2, 5, '2025-01-14 15:32:46'),
(5348, 23, 46, 1, '2025-01-14', 2, 5, '2025-01-14 15:32:55'),
(5349, 23, 49, 1, '2025-01-14', 2, 5, '2025-01-14 15:32:56'),
(5350, 23, 48, 1, '2025-01-14', 2, 5, '2025-01-14 17:02:10'),
(5353, 18, 46, 2, '2025-01-15', 2, 5, '2025-01-15 13:30:45'),
(5354, 18, 50, 2, '2025-01-15', 2, 5, '2025-01-15 13:30:48'),
(5355, 19, 46, 2, '2025-01-15', 2, 5, '2025-01-15 13:30:52'),
(5356, 19, 49, 3, '2025-01-15', 2, 5, '2025-01-15 13:30:54'),
(5357, 21, 49, 1, '2025-01-15', 2, 5, '2025-01-15 13:31:01'),
(5358, 23, 49, 1, '2025-01-15', 2, 5, '2025-01-15 13:31:04'),
(5359, 23, 48, 0, '2025-01-15', 2, 5, '2025-01-15 13:31:07'),
(5360, 23, 50, 1, '2025-01-15', 2, 5, '2025-01-15 13:31:11'),
(5361, 24, 47, 0, '2025-01-15', 2, 5, '2025-01-15 13:31:19'),
(5362, 25, 48, 0, '2025-01-15', 2, 5, '2025-01-15 13:31:31'),
(5363, 25, 46, 2, '2025-01-15', 2, 5, '2025-01-15 13:31:37'),
(5364, 25, 50, 1, '2025-01-15', 2, 5, '2025-01-15 13:31:40'),
(5365, 27, 49, 1, '2025-01-15', 2, 5, '2025-01-15 13:33:00'),
(5366, 28, 51, 2, '2025-01-15', 2, 5, '2025-01-15 13:33:07'),
(5367, 29, 51, 1, '2025-01-15', 2, 5, '2025-01-15 13:33:10'),
(5368, 28, 47, 0, '2025-01-15', 2, 5, '2025-01-15 13:33:12'),
(5369, 30, 49, 2, '2025-01-15', 2, 5, '2025-01-15 13:33:19'),
(5370, 30, 48, 0, '2025-01-15', 2, 5, '2025-01-15 13:33:21'),
(5371, 30, 50, 0, '2025-01-15', 2, 7, '2025-01-15 13:33:24'),
(5372, 32, 51, 2, '2025-01-15', 2, 5, '2025-01-15 13:33:29'),
(5374, 23, 47, 1, '2025-01-15', 2, 5, '2025-01-15 13:37:24'),
(5376, 24, 48, 1, '2025-01-15', 2, 7, '2025-01-15 13:37:27'),
(5378, 25, 47, 1, '2025-01-15', 2, 5, '2025-01-15 13:37:29'),
(5380, 28, 48, 1, '2025-01-15', 2, 7, '2025-01-15 13:37:32'),
(5384, 30, 47, 2, '2025-01-15', 2, 7, '2025-01-15 13:37:36'),
(5388, 25, 49, 1, '2025-01-15', 2, 5, '2025-01-15 14:19:33'),
(5396, 24, 46, 1, '2025-01-15', 2, 5, '2025-01-16 08:27:15'),
(5398, 27, 47, 1, '2025-01-15', 2, 5, '2025-01-16 08:27:32'),
(5399, 27, 50, 1, '2025-01-15', 2, 5, '2025-01-16 08:27:34'),
(5400, 27, 51, 0, '2025-01-15', 2, 5, '2025-01-16 08:27:35'),
(5403, 28, 50, 1, '2025-01-15', 2, 5, '2025-01-16 08:27:46'),
(5406, 18, 51, 2, '2025-01-16', 2, 8, '2025-01-16 09:26:36'),
(5407, 30, 49, 2, '2025-01-16', 2, 8, '2025-01-16 09:28:15'),
(5408, 25, 51, 2, '2025-01-16', 2, 5, '2025-01-16 09:29:23'),
(5409, 31, 50, 1, '2025-01-16', 2, 8, '2025-01-16 10:07:54'),
(5410, 31, 51, 1, '2025-01-16', 2, 8, '2025-01-16 10:07:54'),
(5411, 18, 46, 2, '2025-01-16', 2, 5, '2025-01-16 10:07:57'),
(5412, 24, 51, 1, '2025-01-16', 2, 5, '2025-01-16 10:38:05'),
(5413, 25, 47, 1, '2025-01-16', 2, 5, '2025-01-16 11:06:00'),
(5414, 20, 49, 1, '2025-01-16', 2, 5, '2025-01-16 11:08:07'),
(5416, 29, 50, 2, '2025-01-16', 2, 5, '2025-01-16 11:31:03'),
(5417, 25, 49, 2, '2025-01-16', 2, 8, '2025-01-16 11:31:06'),
(5419, 18, 50, 1, '2025-01-16', 2, 8, '2025-01-16 12:07:46'),
(5420, 23, 49, 3, '2025-01-16', 2, 8, '2025-01-16 12:11:08'),
(5421, 23, 48, 1, '2025-01-16', 2, 8, '2025-01-16 12:11:09'),
(5422, 32, 49, 1, '2025-01-16', 2, 8, '2025-01-16 12:14:57'),
(5427, 29, 49, 3, '2025-01-16', 2, 8, '2025-01-16 13:52:27'),
(5428, 19, 49, 1, '2025-01-16', 2, 8, '2025-01-16 13:52:29'),
(5429, 21, 49, 1, '2025-01-16', 2, 8, '2025-01-16 13:52:34'),
(5430, 30, 50, 1, '2025-01-16', 2, 8, '2025-01-16 13:59:28'),
(5431, 30, 51, 1, '2025-01-16', 2, 8, '2025-01-16 13:59:29'),
(5432, 21, 51, 0, '2025-01-16', 2, 8, '2025-01-16 13:59:34'),
(5434, 21, 50, 1, '2025-01-16', 2, 8, '2025-01-16 13:59:36'),
(5435, 28, 51, 2, '2025-01-16', 2, 8, '2025-01-16 13:59:41'),
(5436, 26, 49, 1, '2025-01-16', 2, 8, '2025-01-16 14:23:40'),
(5438, 23, 51, 1, '2025-01-16', 2, 8, '2025-01-16 14:54:36'),
(5439, 20, 46, 1, '2025-01-16', 2, 5, '2025-01-16 15:37:36'),
(5441, 30, 46, 1, '2025-01-16', 2, 8, '2025-01-16 15:55:35'),
(5442, 19, 51, 1, '2025-01-16', 2, 8, '2025-01-16 16:03:37'),
(5445, 20, 51, 2, '2025-01-16', 2, 5, '2025-01-16 16:44:14'),
(5447, 20, 50, 1, '2025-01-16', 2, 8, '2025-01-16 16:44:15'),
(5449, 30, 49, 1, '2025-01-17', 2, 8, '2025-01-17 09:21:47'),
(5450, 26, 49, 3, '2025-01-17', 2, 8, '2025-01-17 09:24:54'),
(5452, 23, 49, 2, '2025-01-17', 2, 8, '2025-01-17 10:38:05'),
(5453, 19, 46, 1, '2025-01-17', 2, 8, '2025-01-17 11:13:40'),
(5455, 23, 47, 1, '2025-01-17', 2, 8, '2025-01-17 11:32:30'),
(5456, 30, 51, 1, '2025-01-17', 2, 8, '2025-01-17 12:11:11'),
(5457, 26, 50, 1, '2025-01-17', 2, 8, '2025-01-17 12:24:01'),
(5458, 20, 49, 1, '2025-01-17', 2, 8, '2025-01-17 12:24:24'),
(5459, 25, 46, 1, '2025-01-17', 2, 8, '2025-01-17 12:57:06'),
(5460, 32, 49, 2, '2025-01-17', 2, 8, '2025-01-17 13:45:36'),
(5461, 18, 47, 1, '2025-01-17', 2, 8, '2025-01-17 13:47:00'),
(5463, 32, 51, 1, '2025-01-17', 2, 8, '2025-01-17 14:29:57'),
(5464, 23, 50, 1, '2025-01-17', 2, 8, '2025-01-17 14:45:59'),
(5465, 23, 51, 1, '2025-01-17', 2, 8, '2025-01-17 14:46:14'),
(5467, 29, 49, 1, '2025-01-17', 2, 8, '2025-01-17 15:18:01'),
(5468, 30, 47, 1, '2025-01-17', 2, 8, '2025-01-17 16:29:14');

-- --------------------------------------------------------

--
-- Table structure for table `daily_targets`
--

CREATE TABLE `daily_targets` (
  `id` int(11) NOT NULL,
  `pod_id` int(11) NOT NULL,
  `rule_id` int(11) NOT NULL,
  `target_count` int(11) NOT NULL,
  `target_date` date NOT NULL
) ENGINE=InnoDB DEFAULT CHARSET=utf8mb4 COLLATE=utf8mb4_unicode_ci;

--
-- Dumping data for table `daily_targets`
--

INSERT INTO `daily_targets` (`id`, `pod_id`, `rule_id`, `target_count`, `target_date`) VALUES
(5, 2, 53, 10, '2025-01-17'),
(6, 2, 56, 10, '2025-01-17'),
(7, 2, 56, 10, '2025-01-18'),
(8, 2, 53, 10, '2025-01-18');

-- --------------------------------------------------------

--
-- Table structure for table `pods`
--

CREATE TABLE `pods` (
  `id` int(11) NOT NULL,
  `name` varchar(100) NOT NULL,
  `description` text DEFAULT NULL,
  `created_at` timestamp NULL DEFAULT current_timestamp()
) ENGINE=InnoDB DEFAULT CHARSET=utf8mb4 COLLATE=utf8mb4_unicode_ci;

--
-- Dumping data for table `pods`
--

INSERT INTO `pods` (`id`, `name`, `description`, `created_at`) VALUES
(2, 'Team Harvey', 'Probably the best pod in the world', '2025-01-03 12:08:42');

-- --------------------------------------------------------

--
-- Table structure for table `pod_assignments`
--

CREATE TABLE `pod_assignments` (
  `id` int(11) NOT NULL,
  `pod_id` int(11) DEFAULT NULL,
  `staff_id` int(11) DEFAULT NULL,
  `created_at` timestamp NULL DEFAULT current_timestamp()
) ENGINE=InnoDB DEFAULT CHARSET=utf8mb4 COLLATE=utf8mb4_unicode_ci;

--
-- Dumping data for table `pod_assignments`
--

INSERT INTO `pod_assignments` (`id`, `pod_id`, `staff_id`, `created_at`) VALUES
(16, 2, 27, '2025-01-03 12:08:52'),
(17, 2, 29, '2025-01-03 12:08:52'),
(18, 2, 25, '2025-01-03 12:08:52'),
(19, 2, 28, '2025-01-03 12:08:52'),
(20, 2, 21, '2025-01-03 12:08:52'),
(21, 2, 18, '2025-01-03 12:08:52'),
(22, 2, 31, '2025-01-03 12:08:52'),
(23, 2, 26, '2025-01-03 12:08:52'),
(24, 2, 32, '2025-01-03 12:08:52'),
(26, 2, 23, '2025-01-03 12:08:52'),
(27, 2, 30, '2025-01-03 12:08:52'),
(28, 2, 24, '2025-01-03 12:08:52'),
(29, 2, 19, '2025-01-03 12:08:52'),
(30, 2, 20, '2025-01-03 12:08:52');

-- --------------------------------------------------------

--
-- Table structure for table `pod_targets`
--

CREATE TABLE `pod_targets` (
  `id` int(11) NOT NULL,
  `pod_id` int(11) NOT NULL,
  `rule_id` int(11) NOT NULL,
  `target_value` int(11) NOT NULL,
  `created_at` timestamp NULL DEFAULT current_timestamp(),
  `updated_at` timestamp NULL DEFAULT current_timestamp() ON UPDATE current_timestamp(),
  `date` date NOT NULL
) ENGINE=InnoDB DEFAULT CHARSET=utf8mb4 COLLATE=utf8mb4_unicode_ci;

--
-- Dumping data for table `pod_targets`
--

INSERT INTO `pod_targets` (`id`, `pod_id`, `rule_id`, `target_value`, `created_at`, `updated_at`, `date`) VALUES
(182, 2, 46, 7, '2025-01-03 13:27:19', '2025-01-03 13:27:19', '2025-01-02'),
(183, 2, 49, 10, '2025-01-03 13:27:19', '2025-01-03 13:27:19', '2025-01-02'),
(211, 2, 46, 10, '2025-01-06 17:18:36', '2025-01-06 18:04:26', '2025-01-06'),
(212, 2, 49, 10, '2025-01-06 17:18:36', '2025-01-06 17:18:36', '2025-01-06'),
(301, 2, 46, 10, '2025-01-07 12:00:06', '2025-01-07 12:00:06', '2025-01-07'),
(302, 2, 49, 10, '2025-01-07 12:00:06', '2025-01-07 12:00:06', '2025-01-07'),
(307, 2, 49, 10, '2025-01-07 13:16:24', '2025-01-07 13:16:24', '2025-01-08'),
(308, 2, 46, 10, '2025-01-07 13:16:24', '2025-01-07 13:16:24', '2025-01-08'),
(313, 2, 49, 10, '2025-01-09 10:04:07', '2025-01-09 10:04:07', '2025-01-09'),
(314, 2, 46, 10, '2025-01-09 10:04:07', '2025-01-09 10:04:07', '2025-01-09'),
(319, 2, 46, 10, '2025-01-10 09:15:42', '2025-01-10 09:15:42', '2025-01-10'),
(320, 2, 49, 10, '2025-01-10 09:15:42', '2025-01-10 09:15:42', '2025-01-10'),
(325, 2, 49, 10, '2025-01-13 09:23:34', '2025-01-13 09:23:34', '2025-01-13'),
(326, 2, 46, 10, '2025-01-13 09:23:34', '2025-01-13 09:23:34', '2025-01-13'),
(331, 2, 49, 10, '2025-01-13 21:12:46', '2025-01-13 21:12:46', '2025-01-14'),
(332, 2, 46, 10, '2025-01-13 21:12:46', '2025-01-13 21:12:46', '2025-01-14'),
(337, 2, 46, 10, '2025-01-13 21:12:57', '2025-01-13 21:12:57', '2025-01-15'),
(338, 2, 49, 10, '2025-01-13 21:12:57', '2025-01-13 21:12:57', '2025-01-15'),
(357, 2, 56, 10, '2025-01-17 13:45:51', '2025-01-17 13:45:51', '2025-01-17'),
(358, 2, 53, 10, '2025-01-17 13:45:51', '2025-01-17 13:45:51', '2025-01-17');

-- --------------------------------------------------------

--
-- Table structure for table `scores`
--

CREATE TABLE `scores` (
  `id` int(11) NOT NULL,
  `staff_id` int(11) DEFAULT NULL,
  `competition_rule_id` int(11) DEFAULT NULL,
  `points` int(11) NOT NULL,
  `created_at` timestamp NULL DEFAULT current_timestamp()
) ENGINE=InnoDB DEFAULT CHARSET=utf8mb4 COLLATE=utf8mb4_unicode_ci;

-- --------------------------------------------------------

--
-- Table structure for table `settings`
--

CREATE TABLE `settings` (
  `setting_name` varchar(50) NOT NULL,
  `setting_value` text DEFAULT NULL,
  `created_at` timestamp NULL DEFAULT current_timestamp(),
  `updated_at` timestamp NULL DEFAULT current_timestamp() ON UPDATE current_timestamp()
) ENGINE=InnoDB DEFAULT CHARSET=utf8mb4 COLLATE=utf8mb4_unicode_ci;

--
-- Dumping data for table `settings`
--

INSERT INTO `settings` (`setting_name`, `setting_value`, `created_at`, `updated_at`) VALUES
('APP_BACKGROUND_COLOR', '#444444', '2025-01-03 11:53:59', '2025-01-06 10:01:55'),
('APP_NAME', 'KPI Dashboard', '2025-01-03 11:53:59', '2025-01-06 10:01:55'),
('APP_THEME_COLOR1', '#00b945', '2025-01-03 11:53:59', '2025-01-06 10:01:55'),
('APP_THEME_COLOR2', '#332648', '2025-01-03 11:53:59', '2025-01-06 10:01:55'),
('APP_THEME_COLOR3', '#625fc3', '2025-01-03 11:53:59', '2025-01-06 10:01:55'),
('APP_THEME_COLOR4', '#ffd000', '2025-01-03 11:53:59', '2025-01-06 10:01:55'),
('APP_THEME_COLOR5', '#272729', '2025-01-03 11:53:59', '2025-01-06 10:01:55'),
('APP_THEME_COLOR6', '#eeeeee', '2025-01-03 11:53:59', '2025-01-06 10:01:55'),
('APP_TIMEZONE', 'Europe/London', '2025-01-03 11:53:59', '2025-01-06 10:01:55'),
('TEXT_H1_COLOR', '#eeeeee', '2025-01-03 11:53:59', '2025-01-06 23:26:26'),
('TEXT_H2_COLOR', '#eeeeee', '2025-01-03 11:53:59', '2025-01-06 23:26:26'),
('TEXT_H3_COLOR', '#eeeeee', '2025-01-03 11:53:59', '2025-01-06 23:26:26'),
('TEXT_H4_COLOR', '#eeeeee', '2025-01-03 11:53:59', '2025-01-06 23:26:26'),
('TEXT_H5_COLOR', '#eeeeee', '2025-01-03 11:53:59', '2025-01-06 23:26:26'),
('TEXT_H6_COLOR', '#eeeeee', '2025-01-03 11:53:59', '2025-01-06 23:26:26'),
('TEXT_P_COLOR', '#eeeeee', '2025-01-03 11:53:59', '2025-01-06 23:26:26');

-- --------------------------------------------------------

--
-- Table structure for table `teams`
--

CREATE TABLE `teams` (
  `id` int(11) NOT NULL,
  `name` varchar(50) NOT NULL,
  `created_at` timestamp NULL DEFAULT current_timestamp(),
  `competition_id` int(11) DEFAULT NULL
) ENGINE=InnoDB DEFAULT CHARSET=utf8mb4 COLLATE=utf8mb4_unicode_ci;

--
-- Dumping data for table `teams`
--

INSERT INTO `teams` (`id`, `name`, `created_at`, `competition_id`) VALUES
(15, 'Skill Seekers', '2025-01-03 12:12:05', 5),
(16, 'Digital Detoxers', '2025-01-03 12:12:21', 5),
(17, 'Organizational Optimists', '2025-01-03 12:12:52', 5),
(18, 'Cosy Comforts', '2025-01-06 08:18:25', 6),
(19, 'Hot Chocolate Hero\'s', '2025-01-06 08:18:45', 6),
(20, 'Fireside Friends', '2025-01-06 08:19:03', 6),
(21, 'Dave', '2025-01-09 08:44:26', 7),
(22, 'Barry', '2025-01-09 08:44:33', 7),
(23, 'Amelia', '2025-01-09 08:44:52', 7),
(24, 'Team Princess Bride', '2025-01-16 08:44:41', 8),
(25, 'Team Goonies', '2025-01-16 08:44:59', 8),
(26, 'Team Rocky Horror', '2025-01-16 08:45:05', 8);

-- --------------------------------------------------------

--
-- Table structure for table `users`
--

CREATE TABLE `users` (
  `id` int(11) NOT NULL,
  `first_name` varchar(50) NOT NULL,
  `last_name` varchar(50) NOT NULL,
  `email` varchar(100) DEFAULT NULL,
  `created_at` timestamp NULL DEFAULT current_timestamp()
) ENGINE=InnoDB DEFAULT CHARSET=utf8mb4 COLLATE=utf8mb4_unicode_ci;

--
-- Dumping data for table `users`
--

INSERT INTO `users` (`id`, `first_name`, `last_name`, `email`, `created_at`) VALUES
(18, 'Adewunmi', 'Elegunde', NULL, '2025-01-03 12:05:55'),
(19, 'Bushra', 'Sabeel', NULL, '2025-01-03 12:06:05'),
(20, 'Caitlin', 'Ward', NULL, '2025-01-03 12:06:18'),
(21, 'Carol', 'Ebanks', NULL, '2025-01-03 12:06:26'),
(22, 'Claire', 'Prosser', NULL, '2025-01-03 12:06:45'),
(23, 'Deborah', 'Ray', NULL, '2025-01-03 12:06:54'),
(24, 'Dee-Marie', 'Robinson', NULL, '2025-01-03 12:07:03'),
(25, 'Emma', 'Burchell', NULL, '2025-01-03 12:07:14'),
(26, 'Jim', 'Hope', NULL, '2025-01-03 12:07:26'),
(27, 'Joseph', 'Abbotts', NULL, '2025-01-03 12:07:34'),
(28, 'Louella', 'Crank', NULL, '2025-01-03 12:07:43'),
(29, 'Olapeju', 'Abimbola', NULL, '2025-01-03 12:07:51'),
(30, 'Rashpal', 'Reehal', NULL, '2025-01-03 12:07:59'),
(31, 'Sandra', 'Green', NULL, '2025-01-03 12:08:08'),
(32, 'Victor', 'Petrescu', NULL, '2025-01-03 12:08:15');

-- --------------------------------------------------------

--
-- Table structure for table `user_pod`
--

CREATE TABLE `user_pod` (
  `user_id` int(11) NOT NULL,
  `pod_id` int(11) NOT NULL
) ENGINE=InnoDB DEFAULT CHARSET=utf8mb4 COLLATE=utf8mb4_unicode_ci;

-- --------------------------------------------------------

--
-- Table structure for table `user_team`
--

CREATE TABLE `user_team` (
  `user_id` int(11) NOT NULL,
  `team_id` int(11) NOT NULL
) ENGINE=InnoDB DEFAULT CHARSET=utf8mb4 COLLATE=utf8mb4_unicode_ci;

--
-- Dumping data for table `user_team`
--

INSERT INTO `user_team` (`user_id`, `team_id`) VALUES
(19, 15),
(20, 15),
(21, 15),
(24, 15),
(26, 15),
(18, 16),
(29, 16),
(31, 16),
(32, 16),
(23, 17),
(25, 17),
(27, 17),
(28, 17),
(30, 17),
(18, 18),
(21, 18),
(23, 18),
(26, 18),
(31, 18),
(19, 19),
(22, 19),
(24, 19),
(27, 19),
(29, 19),
(20, 20),
(25, 20),
(28, 20),
(30, 20),
(32, 20),
(18, 21),
(21, 21),
(23, 21),
(24, 21),
(29, 21),
(19, 22),
(26, 22),
(27, 22),
(30, 22),
(31, 22),
(20, 23),
(25, 23),
(28, 23),
(32, 23),
(24, 24),
(28, 24),
(29, 24),
(31, 24),
(32, 24),
(18, 25),
(23, 25),
(25, 25),
(27, 25),
(30, 25),
(19, 26),
(20, 26),
(21, 26),
(26, 26);

--
-- Indexes for dumped tables
--

--
-- Indexes for table `competitions`
--
ALTER TABLE `competitions`
  ADD PRIMARY KEY (`id`);

--
-- Indexes for table `competition_rules`
--
ALTER TABLE `competition_rules`
  ADD PRIMARY KEY (`id`),
  ADD KEY `competition_id` (`competition_id`);

--
-- Indexes for table `daily_scores`
--
ALTER TABLE `daily_scores`
  ADD PRIMARY KEY (`id`),
  ADD UNIQUE KEY `unique_score` (`user_id`,`rule_id`,`date`,`pod_id`),
  ADD KEY `rule_id` (`rule_id`),
  ADD KEY `pod_id` (`pod_id`),
  ADD KEY `competition_id` (`competition_id`);

--
-- Indexes for table `daily_targets`
--
ALTER TABLE `daily_targets`
  ADD PRIMARY KEY (`id`),
  ADD KEY `pod_id` (`pod_id`),
  ADD KEY `rule_id` (`rule_id`);

--
-- Indexes for table `pods`
--
ALTER TABLE `pods`
  ADD PRIMARY KEY (`id`);

--
-- Indexes for table `pod_assignments`
--
ALTER TABLE `pod_assignments`
  ADD PRIMARY KEY (`id`),
  ADD KEY `pod_id` (`pod_id`),
  ADD KEY `pod_assignments_ibfk_2` (`staff_id`);

--
-- Indexes for table `pod_targets`
--
ALTER TABLE `pod_targets`
  ADD PRIMARY KEY (`id`),
  ADD UNIQUE KEY `unique_pod_rule_date` (`pod_id`,`rule_id`,`date`),
  ADD KEY `rule_id` (`rule_id`);

--
-- Indexes for table `scores`
--
ALTER TABLE `scores`
  ADD PRIMARY KEY (`id`),
  ADD KEY `staff_id` (`staff_id`),
  ADD KEY `competition_rule_id` (`competition_rule_id`);

--
-- Indexes for table `settings`
--
ALTER TABLE `settings`
  ADD PRIMARY KEY (`setting_name`);

--
-- Indexes for table `teams`
--
ALTER TABLE `teams`
  ADD PRIMARY KEY (`id`);

--
-- Indexes for table `users`
--
ALTER TABLE `users`
  ADD PRIMARY KEY (`id`),
  ADD UNIQUE KEY `email` (`email`);

--
-- Indexes for table `user_pod`
--
ALTER TABLE `user_pod`
  ADD PRIMARY KEY (`user_id`,`pod_id`),
  ADD KEY `pod_id` (`pod_id`);

--
-- Indexes for table `user_team`
--
ALTER TABLE `user_team`
  ADD PRIMARY KEY (`user_id`,`team_id`),
  ADD KEY `team_id` (`team_id`);

--
-- AUTO_INCREMENT for dumped tables
--

--
-- AUTO_INCREMENT for table `competitions`
--
ALTER TABLE `competitions`
  MODIFY `id` int(11) NOT NULL AUTO_INCREMENT, AUTO_INCREMENT=9;

--
-- AUTO_INCREMENT for table `competition_rules`
--
ALTER TABLE `competition_rules`
  MODIFY `id` int(11) NOT NULL AUTO_INCREMENT, AUTO_INCREMENT=60;

--
-- AUTO_INCREMENT for table `daily_scores`
--
ALTER TABLE `daily_scores`
  MODIFY `id` int(11) NOT NULL AUTO_INCREMENT, AUTO_INCREMENT=5471;

--
-- AUTO_INCREMENT for table `daily_targets`
--
ALTER TABLE `daily_targets`
  MODIFY `id` int(11) NOT NULL AUTO_INCREMENT, AUTO_INCREMENT=9;

--
-- AUTO_INCREMENT for table `pods`
--
ALTER TABLE `pods`
  MODIFY `id` int(11) NOT NULL AUTO_INCREMENT, AUTO_INCREMENT=3;

--
-- AUTO_INCREMENT for table `pod_assignments`
--
ALTER TABLE `pod_assignments`
  MODIFY `id` int(11) NOT NULL AUTO_INCREMENT, AUTO_INCREMENT=42;

--
-- AUTO_INCREMENT for table `pod_targets`
--
ALTER TABLE `pod_targets`
  MODIFY `id` int(11) NOT NULL AUTO_INCREMENT, AUTO_INCREMENT=359;

--
-- AUTO_INCREMENT for table `scores`
--
ALTER TABLE `scores`
  MODIFY `id` int(11) NOT NULL AUTO_INCREMENT;

--
-- AUTO_INCREMENT for table `teams`
--
ALTER TABLE `teams`
  MODIFY `id` int(11) NOT NULL AUTO_INCREMENT, AUTO_INCREMENT=27;

--
-- AUTO_INCREMENT for table `users`
--
ALTER TABLE `users`
  MODIFY `id` int(11) NOT NULL AUTO_INCREMENT, AUTO_INCREMENT=37;

--
-- Constraints for dumped tables
--

--
-- Constraints for table `competition_rules`
--
ALTER TABLE `competition_rules`
  ADD CONSTRAINT `competition_rules_ibfk_1` FOREIGN KEY (`competition_id`) REFERENCES `competitions` (`id`) ON DELETE CASCADE;

--
-- Constraints for table `daily_scores`
--
ALTER TABLE `daily_scores`
  ADD CONSTRAINT `daily_scores_ibfk_1` FOREIGN KEY (`user_id`) REFERENCES `users` (`id`),
  ADD CONSTRAINT `daily_scores_ibfk_2` FOREIGN KEY (`rule_id`) REFERENCES `competition_rules` (`id`),
  ADD CONSTRAINT `daily_scores_ibfk_3` FOREIGN KEY (`pod_id`) REFERENCES `pods` (`id`),
  ADD CONSTRAINT `daily_scores_ibfk_4` FOREIGN KEY (`competition_id`) REFERENCES `competitions` (`id`);

--
-- Constraints for table `daily_targets`
--
ALTER TABLE `daily_targets`
  ADD CONSTRAINT `daily_targets_ibfk_1` FOREIGN KEY (`pod_id`) REFERENCES `pods` (`id`),
  ADD CONSTRAINT `daily_targets_ibfk_2` FOREIGN KEY (`rule_id`) REFERENCES `competition_rules` (`id`);

--
-- Constraints for table `pod_assignments`
--
ALTER TABLE `pod_assignments`
  ADD CONSTRAINT `pod_assignments_ibfk_1` FOREIGN KEY (`pod_id`) REFERENCES `pods` (`id`) ON DELETE CASCADE,
  ADD CONSTRAINT `pod_assignments_ibfk_2` FOREIGN KEY (`staff_id`) REFERENCES `users` (`id`) ON DELETE CASCADE;

--
-- Constraints for table `pod_targets`
--
ALTER TABLE `pod_targets`
  ADD CONSTRAINT `pod_targets_ibfk_1` FOREIGN KEY (`pod_id`) REFERENCES `pods` (`id`),
  ADD CONSTRAINT `pod_targets_ibfk_2` FOREIGN KEY (`rule_id`) REFERENCES `competition_rules` (`id`);

--
-- Constraints for table `scores`
--
ALTER TABLE `scores`
  ADD CONSTRAINT `scores_ibfk_1` FOREIGN KEY (`staff_id`) REFERENCES `users` (`id`) ON DELETE CASCADE,
  ADD CONSTRAINT `scores_ibfk_2` FOREIGN KEY (`competition_rule_id`) REFERENCES `competition_rules` (`id`) ON DELETE CASCADE;

--
-- Constraints for table `user_pod`
--
ALTER TABLE `user_pod`
  ADD CONSTRAINT `user_pod_ibfk_1` FOREIGN KEY (`user_id`) REFERENCES `users` (`id`) ON DELETE CASCADE,
  ADD CONSTRAINT `user_pod_ibfk_2` FOREIGN KEY (`pod_id`) REFERENCES `pods` (`id`) ON DELETE CASCADE;

--
-- Constraints for table `user_team`
--
ALTER TABLE `user_team`
  ADD CONSTRAINT `user_team_ibfk_1` FOREIGN KEY (`user_id`) REFERENCES `users` (`id`) ON DELETE CASCADE,
  ADD CONSTRAINT `user_team_ibfk_2` FOREIGN KEY (`team_id`) REFERENCES `teams` (`id`) ON DELETE CASCADE;
COMMIT;

/*!40101 SET CHARACTER_SET_CLIENT=@OLD_CHARACTER_SET_CLIENT */;
/*!40101 SET CHARACTER_SET_RESULTS=@OLD_CHARACTER_SET_RESULTS */;
/*!40101 SET COLLATION_CONNECTION=@OLD_COLLATION_CONNECTION */;
